"country","date","variable","forecast","lower_95","upper_95"
"CAN",2026-04-01,"cpi",168.3859489601,167.523411645524,169.248486274677
"CAN",2026-05-01,"cpi",169.243342091637,167.669348660389,170.817335522884
"CAN",2026-06-01,"cpi",169.875122713398,167.662079224561,172.088166202235
"CAN",2026-04-01,"ipi",109.558228824738,108.830671489641,110.285786159835
"CAN",2026-05-01,"ipi",109.735442793815,108.706521343117,110.764364244514
"CAN",2026-06-01,"ipi",109.841771175262,108.581604905454,111.101937445069
"DEU",2026-04-01,"cpi",124.063157894736,123.224076520108,124.902239269364
"DEU",2026-05-01,"cpi",124.326315789472,123.139675529539,125.512956049406
"DEU",2026-06-01,"cpi",124.589473684209,123.136142111668,126.042805256749
"DEU",2026-04-01,"ipi",92.2584128929005,90.9304763312901,93.586349454511
"DEU",2026-05-01,"ipi",92.2951533973253,90.8239257109629,93.7663810836877
"DEU",2026-06-01,"ipi",92.5298961241479,90.9281451139791,94.1316471343166
"FRA",2026-04-01,"cpi",127.755618714613,127.148872533341,128.362364895885
"FRA",2026-05-01,"cpi",128.467988843698,127.357609198737,129.578368488658
"FRA",2026-06-01,"cpi",128.997517549329,127.433040266784,130.561994831874
"FRA",2026-04-01,"ipi",96.9674604276945,95.8712156544117,98.0637052009773
"FRA",2026-05-01,"ipi",97.1066198447866,95.862144144726,98.3510955448472
"FRA",2026-06-01,"ipi",97.5378636199586,96.1610241474228,98.9147030924945
"IND",2026-04-01,"cpi",200.569017677071,199.360709570807,201.777325783334
"IND",2026-05-01,"cpi",201.89982301013,199.702922819293,204.096723200968
"IND",2026-06-01,"cpi",202.899742197662,199.819149181179,205.980335214146
"IND",2026-04-01,"ipi",158.724749877312,156.471221492592,160.978278262031
"IND",2026-05-01,"ipi",158.506221496892,155.131067060112,161.881375933673
"IND",2026-06-01,"ipi",158.191242624794,153.824034742769,162.558450506819
"ITA",2026-04-01,"cpi",127.826397416171,127.018483126186,128.634311706155
"ITA",2026-05-01,"cpi",128.451594018036,127.022383215657,129.880804820414
"ITA",2026-06-01,"cpi",128.892539684316,126.926992912827,130.858086455805
"ITA",2026-04-01,"ipi",99.0733636930493,97.9138673748096,100.232860011289
"ITA",2026-05-01,"ipi",99.1978524915381,97.5580770727619,100.837627910314
"ITA",2026-06-01,"ipi",99.7134223699736,97.7051158355935,101.721728904354
"JPN",2026-04-01,"cpi",115.49575625568,114.902557333049,116.088955178311
"JPN",2026-05-01,"cpi",115.738513014981,114.899603053411,116.57742297655
"JPN",2026-06-01,"cpi",115.716272292385,114.688821619394,116.743722965377
"JPN",2026-04-01,"ipi",96,94.6887109315348,97.3112890684652
"JPN",2026-05-01,"ipi",96,94.145557215185,97.854442784815
"JPN",2026-06-01,"ipi",96,93.7287807100087,98.2712192899913
"POL",2026-04-01,"cpi",148.376912877941,147.185935725054,149.567890030827
"POL",2026-05-01,"cpi",147.926454629842,146.127544096115,149.72536516357
"POL",2026-06-01,"cpi",147.266029503446,145.282464489926,149.249594516966
"POL",2026-04-01,"ipi",117.549054839762,115.92614920844,119.171960471085
"POL",2026-05-01,"ipi",117.850189032048,115.555053877779,120.145324186316
"POL",2026-06-01,"ipi",118.101134192285,115.290179182944,120.912089201626
"RUS",2026-04-01,"cpi",226.6,225.319309186094,227.880690813906
"RUS",2026-05-01,"cpi",232.4,229.536288281948,235.263711718052
"RUS",2026-06-01,"cpi",238.2,233.408093755977,242.991906244023
"RUS",2026-04-01,"ipi",117.428947368424,116.130857111908,118.727037624941
"RUS",2026-05-01,"ipi",117.657894736849,115.822117890899,119.493671582799
"RUS",2026-06-01,"ipi",117.886842105273,115.638483828176,120.13520038237
"SAU",2026-04-01,"cpi",114.48707595301,113.986051683677,114.988100222343
"SAU",2026-05-01,"cpi",114.716869030455,113.892488852293,115.541249208617
"SAU",2026-06-01,"cpi",114.898432934222,113.815805734285,115.981060134159
"SAU",2026-04-01,"ipi",119.997368421052,118.753501450513,121.24123539159
"SAU",2026-05-01,"ipi",120.194736842104,118.43564330258,121.953830381627
"SAU",2026-06-01,"ipi",120.392105263156,118.237664472326,122.546546053985
"THA",2026-04-01,"cpi",116.9,116.148246991225,117.651753008775
"THA",2026-05-01,"cpi",118.8,117.119029170089,120.480970829911
"THA",2026-06-01,"cpi",120.7,117.887197801688,123.512802198312
"THA",2026-04-01,"ipi",103.566239994172,102.178890041608,104.953589946736
"THA",2026-05-01,"ipi",103.485116122894,101.416198008036,105.554034237753
"THA",2026-06-01,"ipi",103.34466169393,100.678113396543,106.011209991318
"TUR",2026-04-01,"cpi",2328.44338492484,2304.27907823758,2352.6076916121
"TUR",2026-05-01,"cpi",2456.40248153528,2397.75646718448,2515.04849588608
"TUR",2026-06-01,"cpi",2596.13473808558,2485.04876837585,2707.2207077953
"TUR",2026-04-01,"ipi",124.089979527173,121.980785044578,126.199174009768
"TUR",2026-05-01,"ipi",123.964328595202,120.828859486436,127.099797703968
"TUR",2026-06-01,"ipi",123.71595912974,119.686580994843,127.745337264637
"USA",2026-04-01,"cpi",327.1,325.742588054241,328.457411945759
"USA",2026-05-01,"cpi",326.8,324.88032961658,328.71967038342
"USA",2026-06-01,"cpi",326.4,324.048893543144,328.751106456856
"USA",2026-04-01,"ipi",105.743554299584,105.077174547447,106.409934051721
"USA",2026-05-01,"ipi",105.939111425104,104.996708141941,106.881514708267
"USA",2026-06-01,"ipi",106.056445700416,104.90224211258,107.210649288252
